{
  "data": {
    "metrics": [
      {
        "defaultValue": 3163309083665.3774,
        "changeAbsolutes": "{\"1y\": -605602397738.7993, \"7d\": 25852209809.796875, \"24h\": -73146249090.7622, \"30d\": -423984712482.69385, \"90d\": -1002677823538.2041}",
        "changePercentages": "{\"1y\": -16.068363524238862, \"7d\": 0.8239861406613511, \"24h\": -2.2600728751127686, \"30d\": -11.819068539575877, \"90d\": -24.068194304798034}",
        "createdAt": "2025-12-13T07:00:41.07987Z"
      }
    ]
  }
}