{
  "data": {
    "assets": [
      {
        "slug": "cardano",
        "id": "5d27aa08e03dd80007d1ea6e",
        "metrics": [
          {
            "metricKey": "staked_tokens",
            "defaultValue": 21404584013.280006,
            "changeAbsolutes": "{\"1y\": -508059700.4425316, \"7d\": -13162949.566673279, \"24h\": 72252725.34853745, \"30d\": -476870547.12327576, \"90d\": -481099996.4971657}",
            "changePercentages": "{\"1y\": -2.318568708915598, \"7d\": -0.06145814305074675, \"24h\": 0.33870055913398284, \"30d\": -2.179336596691435, \"90d\": -2.1982406228758484}"
          }
        ]
      }
    ]
  }
}