{
  "data": {
    "assets": [
      {
        "slug": "ethereum-2-0",
        "id": "5d27aa0de03dd80007d1eb49",
        "metrics": [
          {
            "metricKey": "staked_tokens",
            "defaultValue": 35697465.32544213,
            "changeAbsolutes": "{\"1y\": 1591809.2008763552, \"7d\": -4958.230590507388, \"24h\": -469.84895066171885, \"30d\": -69448.98003453016, \"90d\": -77746.33638229221}",
            "changePercentages": "{\"1y\": 4.667288015402817, \"7d\": -0.013887658306237298, \"24h\": -0.0013161796287835597, \"30d\": -0.1941710135836238, \"90d\": -0.21731901160281603}"
          }
        ]
      }
    ]
  }
}