{
  "data": {
    "metrics": [
      {
        "defaultValue": 3138794900150.943,
        "changeAbsolutes": "{\"1y\": -744967567675.5308, \"7d\": -27949843744.006836, \"24h\": 4336079854.812988, \"30d\": -323961651472.01904, \"90d\": -785516847511.0049}",
        "changePercentages": "{\"1y\": -19.181594493662423, \"7d\": -0.8826048830708666, \"24h\": 0.13833583732975424, \"30d\": -9.35559998638025, \"90d\": -20.01667803224362}",
        "createdAt": "2025-12-06T19:00:48.15046Z"
      }
    ]
  }
}